{"cameraMode":{"drawMode":0,"name":"Shaded","section":"Shading Mode"},"sceneLighting":false,"audioPlay":false,"sceneViewState":{"m_AlwaysRefresh":false,"showFog":true,"showSkybox":false,"showFlares":true,"showImageEffects":true,"showParticleSystems":true,"showVisualEffectGraphs":true,"m_FxEnabled":true},"in2DMode":false,"pivot":{"x":0.353442907333374,"y":0.8530135154724121,"z":0.11525881290435791},"rotation":{"x":-0.005726422183215618,"y":-0.9758453965187073,"z":0.025766726583242418,"w":-0.21689212322235108},"size":1.6200071573257447,"orthographic":true}