{"cameraMode":{"drawMode":0,"name":"Shaded","section":"Shading Mode"},"sceneLighting":false,"audioPlay":false,"sceneViewState":{"m_AlwaysRefresh":false,"showFog":true,"showSkybox":false,"showFlares":true,"showImageEffects":true,"showParticleSystems":true,"showVisualEffectGraphs":true,"m_FxEnabled":true},"in2DMode":false,"pivot":{"x":30.825170516967775,"y":18.092931747436525,"z":22.661317825317384},"rotation":{"x":-0.07867792248725891,"y":-0.7523751258850098,"z":0.09140744060277939,"w":-0.6476118564605713},"size":2.7004311084747316,"orthographic":true}